Headline,Link,Source,Published Date
"Stock market today: Dow drops as S&P 500, Nasdaq rise in countdown to Trump's tariff reveal - Yahoo Finance",https://news.google.com/rss/articles/CBMi1AFBVV95cUxQQUw5aFpnY3E2WHZSNjE5QzVYQ0dkOEJVMFZkazdxQWJTejh6ZDA3ckJJNC1pbW52a19tajdLa3duRkVwdTVaNzlvckdvdlFrNEY3Wm9JQ3hmWnM2ZVJkMmJtQm91V1FLVll3a21NYWxIS1ZyODVsVThzaTZ6Z1FVSkxRaVU2ZGxNMEI3dGpURWo2UWhZYW9FRlJSczFfYnlwZnRrem45R3J5Q0UtRHZNTWpFQUtYcDVvOW1ZVHNnbllZcC1wTnpXR1VvYWI3eEZaRUVUSw?oc=5,news.google.com,"Tue, 01 Apr 2025 15:02:01 GMT"
5 Things to Know Before the Stock Market Opens - Investopedia,https://news.google.com/rss/articles/CBMinwFBVV95cUxNUEZBNDRTZTh3MkFNdl8tME9Yb3V5ZVd6OUNqTFdUNmZUN0JjR1Q3TE0xNGhXdW1QTmg2RHJPZXZWNHBSSWsxMXF1c3o1dklEMWpQeWZHdUJ1R3RacVR3REJNR2dlTkhBeUlmZHpvVHV4WklDdlhrVWtHZ0VFU0p5NXUtcVBSdW5Ya2pzZmxGTmUycmZsYXF4cTBsRU9PdzQ?oc=5,news.google.com,"Tue, 01 Apr 2025 11:45:17 GMT"
"Stock market crash today: BSE Sensex ends over 1,300 points down; Nifty50 below 23,200 - top reasons for - Times of India",https://news.google.com/rss/articles/CBMiqgJBVV95cUxONTJwdWdUbFJVeFNmRkVPeGcydXFHY19SSnEydmVCSmRjVXdzeEh0ZENvekdMUE9HUjBQWTNOZDM1NWxVbVBUMWR6Vl9hc3VJUzQ1X2thZ0NvUk94VFBWZnNLa3FTenUyV2gzc2hZMENpRzB5TXhuYWlHQzlFTUtfUTh3VmZkVUltbUdhdXBXZERaTkoybmEyNUN0bmRQT3FabHhUdjBnQW5UN3U0SlN5RHU3N2k2aTVsQ0thMzFNdDE1eEpnY1BaVHBXXy11N19LTlpUMkNEVXdBSTVDX0dwcUJIdmhjalZfYmRNaS1HY1NsRGRfV0pNMGtsZ2hHM05nemZIaHBONEtJNDhfWURXdDh1ZjIyTEdKdmdjbW04NmU0eHI2YXppXzZB0gGvAkFVX3lxTE5ZellMckRnaGd3S0QwZjZVVW1lQ2hKaW9GcE9aT2VRdUtkSGtpRkwxc2ozNDk0Y1VCWjRLU2VQX25adklWakNZQlZjVUktb2dkVUpyLXJwUDhGWXRIR2xIY3RhM1Fta0l4SEVSS1BweTlJS0M5QkdFTjVWOG1kVWYyRFFOMlZKMEtuNkJmTjlkTHVuOUwxVW84NU9UQS1sTWo0MjRvRm05SmpWVjAyVzRMbnI0RVdFYjQyaG53Y3BGM2JmbGZldVlYUGMxUUM1WjItSzBKR0tENkpKR1dFYkJGMGxRNU1CcnhCVnhoZlU0ekt6aE0yV1dTV3BBS3VFdjExanRBaGFRQnY1R3d0bWU3MkJoUXhEVG9CNWZPYjVZYU5xMGF2Nm5acXh4alNnNA?oc=5,news.google.com,"Tue, 01 Apr 2025 03:49:00 GMT"
"Closing Bell: Trump tariff jitters sink market, Nifty below 23,200, Sensex down 1,390 points - Moneycontrol",https://news.google.com/rss/articles/CBMi7AFBVV95cUxPZ21nNTRGc0k4MV9POE1ZQ24zcXNwNUV4bmtiaFRpZGFaTldTN05jcnFrMlVVWkRSdmFlMHo4MDZDQ3FmbDd0M09GejBQLU82dnFFQ2lvSjBaM2NmU002ZHB2Q3FHQXRWWS1RTWFLNjRIQU93RnR6cjgzbjlnM24wMUE0bXBlU2Jzb1J4bXlMTHRRTXZVSERQOVFYSW9UY1JNdmFtMkFtbzBNb3dhdVNKaE1vbkU5SUJhSVJaZEF3X2xNZWpyYWxlM0dYOHpxaDk0bEVfWVpvTjlaQXg1ajZzNGJWLWd4R25uYXMxdNIB8gFBVV95cUxNZmtmUTNfNm83Y2pUWDkwTmtlNFFENnlkWnBzZGV3bVJ3VGE5VjZvVFlYQjJIOF9hTGY3RzdPOUNucG9lYUh5Ym56VGdGS29BVzlBcGJEd2VjWGV4RUhxd3phZGExTzgySjlkS1VPZ1BjTEs5WThDU2phRlNfajUtVzZxWS1kQ2EzdjE2a0VwWVcxR3Zzb05oejRycmZZOVZhSFFMdzREeDdTako1SEJESzdGZjZncUhCSFRkZ2VocmRjak1rYkVZMXdwRWd5dWdsUm9XWUo5UDVSU2QwOHdUeGFOYkRIby1qN3A5M1I5UTRudw?oc=5,news.google.com,"Tue, 01 Apr 2025 10:44:34 GMT"
"Stock Market Crash: Sensex slumps 1,391 pts, Nifty below 23,200 in rough start to FY26; 4 key reasons why market fell today - The Economic Times",https://news.google.com/rss/articles/CBMinwJBVV95cUxNTXVpVlU1elZIQzV5cHI4MkN4VlNoWkVMUU55ZnM5TjBSc2xreUJjTndIZkFpVTZHTmFSLUxKTFIwX1VZZEp5VURPWHhVNHpDb2dmU0hrYk1KRlJ4eTVFa0hJcUpXWHZ4NWI3OG5mRzkyRTZFYTlmQmk5ejBOTWdibk8tRlNEY2JKQXk4cmlZLWI5empNZmp1ZVcteVA4NGVIUEQyZ3JwN0EyREFzU2xpMkZhNXFZMi15N1V3am1WOGpZMjdFaE9LUnJfeHoxUVMyeHlrbWFGYURvQTFuT2gxa215VTJ1ZlktV0dTOXJlQzNLaUhHV0U4Rm9GWXU1dVFwekxsTVBfaDdhcVBLNHJHTVdJZ1k3b2Rzbk4zeDVFOA?oc=5,news.google.com,"Tue, 01 Apr 2025 05:54:23 GMT"
3 Long-Term Stocks to Buy That We Still Believe In - Morningstar,https://news.google.com/rss/articles/CBMiiAFBVV95cUxQb3o1ZTRScFZwNER1YjlSOXRWQkNlMTNIWGRvVVFFUFpaQ1ZrcklqRmV3UjBvVHVFeFhuT2tQVUtpMnVGYWYzVGZJN1J6VHFoVGVwZ2pDSGlwVVMydmI5UE5iRTJYS3pXcjlIVTRLMzlnNGFmN1h3ZTdqU2xBTkZDWkprOWJaT21Q?oc=5,news.google.com,"Mon, 31 Mar 2025 22:09:57 GMT"
Looking to invest ₹10 lakh amid stock market crash? Siddarth Khemka of MOSL shares his gameplan - Mint,https://news.google.com/rss/articles/CBMi-gFBVV95cUxONzdLUmJjUWRuSHBIdWVsWHllS0RyUFNQVnRYTzJTd0E5dEJtLXJqdzhSX3k0Q1ZDdEpleEsxeFhOdTVnUkhXRHpQLS1iMGxoZE83Ti14V0VuNWhfUlVWQWMzalhZUzFnbDVDY2xSMTFRUDlJam5ncFlfSHVPOWNiU1lRQVp3V0RETnZhbmVwR205VEMwWXo4cnpTS1lzYTNZZUppMXdsTUl6Q2pMNVkwSzVfcFF2MGItMElxZjlCM3JwOGJqeDhSQmJDRmwxTFVDdnlKNWFlS2xmQmVYTDBMSnZ1RTVnMFBPOG5sUVAwZl9BdjFBS0o4LUxB0gH_AUFVX3lxTE1PQzVreHFIMHRieHI2ckh6dWZsS0VxTVNCUk5mSmpOdG5vRlRKTHhpczBTX2ctX1hMREMxc2JLUTNGakt6XzF2RFlPeE04R0pBVXN6TUNCTG9OZU56bUwwNVREOHV0b3JLZGtCeFVFYWV3aWItcDJPNlZVeVN4OERWY3Y2aXRRa2lCajJNQVVWdVRwZm1rOUJGRXppWGhvMDgzM0NjMGx5QU05Zzdxek9NQVRjS0NVVUtpYVQtUWhzSElKak10YzMxdDdsSndoYUFITGE1VktzSDFSS3JUSTlRZmxXalZyelV0UmJqZnlnM1JudmZGNWI3SkpXVzdDYw?oc=5,news.google.com,"Tue, 01 Apr 2025 06:51:43 GMT"
Stock market's $5 trillion slump revives 'buy the dip' debate - TheStreet,https://news.google.com/rss/articles/CBMiogFBVV95cUxNZ0lsVXJacGtCbXFvbHFETDF3MXhYNFBuZFZCM2ZQSndWbXpicGlEVFlnTk13M3k4QUt4X1JFcWZRZVN1LV8ta2todmxVMHJLQkt2a2tBMXU3bXpITFZ1MVA5MHRKQUpPdFkxeS10MGtZcW95Z3lyQXF4QWQ0SlM0LXF3eHlRZ1JUT3hzVnNyTTYybHJpQ3FjVVN6WUhzbHlua2c?oc=5,news.google.com,"Tue, 01 Apr 2025 10:06:18 GMT"
Why are Trump supporters claiming he wants to crash the US stock market? - Al Jazeera,https://news.google.com/rss/articles/CBMisgFBVV95cUxNUWo5TVpabXRPOHJVQjdJNFR3Uk9SU3lXVThwQlc2NVhVeXRyVVpCMjcxSUF1Sl9HUkdsVXNIeFNCV25wT25hdUlrZGRDYXhublR2THE5NmN4cVBmbFlpbGJ4X2JHdjV3VllodTFrVktWLTBtcXpHRE1abzVkZWJXdjR3ZWpqVnpFLTlNR1NFemc2SUcxM2xJZlVLcGtsX2p6UTVUMEVtN2U5UUtyMzl3N1R30gG3AUFVX3lxTFA4SWVHcHV5VFZ3QVNIeE5pUlRqQlMyeDRJZGFHaFdEblREbzRxOGZsajk1M3lFNU9QTkZUSDFHN1FxTHJHMmNuQXNQRjRqUjRwWnh6ZW5vQmxEQ2lJSGUtRWl2QXhnRVc4THhzNU5PdVRYUkVyTkU5b3A1NF9JN3IwY0h4Ym9kLWc0eG85VHlrMTlKVVZ0VXVOWXBNUUNTTmx6Vktpd01nRVBJdTFoZFRzSnh4ekt6cw?oc=5,news.google.com,"Mon, 17 Mar 2025 07:00:00 GMT"
US stock market loses $4 trillion in value as Trump plows ahead on tariffs - Reuters,https://news.google.com/rss/articles/CBMiuAFBVV95cUxQWUYyVHpWSjlIMURqT1dnSHEwTGhFb3hhTFlReW1DcnJHRTFHVGpRVk55bjRXcFR4SnE0b2tQbUdMcHFDYmU1WHZiLWV2SDNwdTVoeVdyN3VlZzZycm5hQ2VDWlVueFNQVFlESWYxeFZCeFprTnhoR1NjdWpUMWtRdVFBNy1GNG1zRnVZVV8xRFdYeGl0QkZTMTJEUlc0SU1LLUtmRVZDWEFLYkFMOWU4SFN2dWxCdkph?oc=5,news.google.com,"Mon, 10 Mar 2025 07:00:00 GMT"
More Muted Gains for Stocks in 2025 - Morgan Stanley,https://news.google.com/rss/articles/CBMifkFVX3lxTE91S2FOOS1kNFlqb2VNeGpUS3J1cW5DUGk3MnVrb0E3b0dheXJtWl8ySjNJaEp4UE1hS043Wkpsd0FVSS1zYnVfZ1BDcE4xWTItUXl3NzZfblJ4SzBUclp5amRCdDZTUFQ3TW1vWXFRLWNGaDVBVkUxMVlJSWRWZw?oc=5,news.google.com,"Wed, 19 Feb 2025 08:00:00 GMT"
Trump made the stock market a marker of success. Now he's hedging as markets dip. - NBC News,https://news.google.com/rss/articles/CBMixgFBVV95cUxPemVqNlV1cEZOQzQ0X09rTVdOV1MtaktadFg1bGF1czlfR0ZlNmlJc0hjVld1eWRMRlJqbU91V2xBLWhoVllhUFd2bExaczVKendVcGlLMmJEb0ZaN3NVaEt0c21faWE4QWRJVXdteUN4YWk1WHEyR1dwVUctd2tBSDhVQUJ4TE84cm9KclY4U01PTFV5RjhZMlp4ZnAzRW9PczlNdlUtMmdxV0hYUkdhbVhYY0JRS2VNcjZrbXhXLXhNQkJYd1HSAVZBVV95cUxNcHZYdy1MVkxZcnFpOEJkNmdrdFVEZ19Fb1NmWl9seS1Mbkl0SWRaMmtGeEU3Ukd3VHlOZ0VGN0ZWT2tuVHJzYjZGNXR6M05LM3F0QVBuQQ?oc=5,news.google.com,"Mon, 10 Mar 2025 07:00:00 GMT"
"Stock Market Today: Dow, S&P 500 and Nasdaq rebound off session lows following manufacturing and job-openings data; tariff angst lingers; Tesla shares rise ahead of delivery numbers. - MarketWatch",https://news.google.com/rss/articles/CBMiuAFBVV95cUxPemVrOUVIczhkWHZkYWRJSk5lLWhtbFd6ZWZxWG94SXhlMmJsc2NEcnI3UG9KandfdXk4aENyeGI5UTM5eG8tOG1QZ2dickJIYkJUVXFNRkhMbVQzUjgzZGlvbVRvTVNFYzFnalprc2FtVXIydzUxT2wtQ2FSX1ZqZzIxWGFrcmIyazBqcm5Rd0ozd3d1Z2dPVHRZRDhEZklZUEg2UHdsWlg1dFdhS1UxM0JFbWJNenFq?oc=5,news.google.com,"Tue, 01 Apr 2025 15:13:00 GMT"
S&P 500 rallies into the green Tuesday in more volatile trading ahead of tariff rollout: Live updates - CNBC,https://news.google.com/rss/articles/CBMid0FVX3lxTE5ucjNsTWZtQmdNY2M3X01DY01DR3VqMDlER3p0aHlLMlpyRjU1dWFNMXB3UVhjNVltRkZNZllQWVpSSElLamtjcHQzWTFhelUxVW9ySlNrTzdnUVRXbzh2Sm84Y0w0T2d6MDRZX3Bsei1zVWNLdjk40gF8QVVfeXFMTTF6c2N2dkpwS3FYbUVuU0NlSXlqQVU3QWdmRlV0NEc3OTdmdnc3S09ZOFdPTnR4dDZqSUxsZF9haWpDVjNsMjZua2R0dk5SZTAyVG9HU3VET0hyQ0xQTlBRS0tCbjI5SHBuOWpza2VyNVViaUx0ZHVMclYtSA?oc=5,news.google.com,"Tue, 01 Apr 2025 15:21:00 GMT"
"Stock market today: Wall Street drifts, and Asia and Europe recover a bit ahead of ""Liberation Day - AP News",https://news.google.com/rss/articles/CBMimAFBVV95cUxPR0VYbk4zTVV3QXFCYUI2blBQQVJRSUVTSkFQYVRJZWpZb2ZlMHN0YVozdGU2RnRXNUdiMUp3U08xdGZEeEp5RFpGSGhzYnJyRjhFeDAwMElkRVQ1Q19ybDZqR0N3TF9ESzNZNWdya0NIRFo2Y0tiVVI3QVRIV0RTQVUySnROaU0xV21fTlpxdXhvRDUzckNYQQ?oc=5,news.google.com,"Tue, 01 Apr 2025 14:53:00 GMT"
The 1 Scenario That Would Send the Stock Market Soaring - Barron's,https://news.google.com/rss/articles/CBMifEFVX3lxTE1zMzdCTWhiX1pybVFDeDQwN1dtN0NXQ21rLVdiYThDYUJwa2RkdFpqSWo1VUd2a21UN1R0RE0ySmNLNy1Ia3o5OU1Ec1N6U0NyTXdoWW43VElfeGEyRmIzdTdVLV9qcTk5ekJxVVVSQXZVSjlhNDBQbFoxazk?oc=5,news.google.com,"Tue, 01 Apr 2025 11:52:00 GMT"
Wall Street Bet Big on America. Then Q1 Happened - Inc.com,https://news.google.com/rss/articles/CBMiugFBVV95cUxOaTlvNnVuTE1GTmtFdEd0VWlvdWxmQzRPTlhuNnpBZjdZTmRncnlfZS1kZkVyNTZrN0lHMkxMdGZGMVdYZDh4T2xIS0dsekNtTVBtMlk4RllSdzJBRW9BSkRHTkxqVFM4Wk12dnVtNUxQRUs1X1BTQ3lrT0gxSDVkMnlYZGFla2xEUkFET2JyVjlKWVhxNGQ0V0JadHRYX242aUowQ0xJMWVPV1NicmJMMjdEbFlTRmM0Q1E?oc=5,news.google.com,"Tue, 01 Apr 2025 14:15:28 GMT"
"Stock market today: Dow gains 400 points, stocks reverse losses as markets cap worst quarter since 2022 - Yahoo Finance",https://news.google.com/rss/articles/CBMi5wFBVV95cUxPajJDaEhvWm9NVFM5SXN0eVViaS12UWo4UTRiZ3NwdnUwS1A3X05pSEkzVlpUbHFGREcwQnB4VFhZZm9JTDE1X19ydEJPaUNwY01uV3pPT0RLQUN5STNpWnlOanZVejFwR3czSS15YVRBZ2hPRlFYTEY0bS1ESzZMRlc5ZkVCVmRvZWlkNjJ0Z05LcVdMajNESERSd2hGYU5RZUJicUdDREhpR2NZZUJMc2xwMEJzZGpoYzZZSTR5ZHc4WVNnME1vVkNkdVJlNFh5OWdpMXZlZ2tmSVhkdmltM0VhdjVWR0k?oc=5,news.google.com,"Mon, 31 Mar 2025 22:18:05 GMT"
"Stock Market News, March 31, 2025: Dow Bounces Back After Tariff Concerns Hit Global Markets - WSJ",https://news.google.com/rss/articles/CBMihgFBVV95cUxPMU1xTU93UHVtamdiaFdBSHl1T0tiamFvWTBJakFjYkhnaUhzMlhFdjNmMUJJV1NDX1RpWHd1ZFVjSEpUMnV1TkpDNVM5LUpoMXZUR2xHSXlTYkJudV9PQ29YRVE3X2Q2Y0RGZTNsOG9yZlF4MXNOdkcyeEV4WTAtSTA2S3JLZw?oc=5,news.google.com,"Tue, 01 Apr 2025 00:21:00 GMT"
US Stocks Edge Lower in Countdown to Tariffs: Markets Wrap - Bloomberg.com,https://news.google.com/rss/articles/CBMilAFBVV95cUxPdHZtYnd0Vk1BSlZwQ180OWliQUtNOVRLWTY2RUxRLVUyN3B1c01MRjFiZW5uOVlyR0g0d1dhT3VnV0tGQmU0UzZyNXE1OUxTTFBWNUdjdmVURFF1V3YxUDRKeFZ2ajliS00zNlBOY1EyMGF3U2FtTV8xOGVYUldqRGEtTmYtOGVudkpxbVVBVkp3Znlh?oc=5,news.google.com,"Tue, 01 Apr 2025 14:23:14 GMT"
5 things to know before the stock market opens Tuesday - CNBC,https://news.google.com/rss/articles/CBMioAFBVV95cUxNR1dvVWxreVF5VF9SckFMZk5aZXVLR1V3YUU0Yzd4UW1ORGpvWGphZjZmVXVfMjBsQkhCbjdWZVV2ZmowLVNFQ0FHblEzUm9TUUlIMjNaZ0xNU0MzRnNOclFUVjAxd3FMejVBUmhKU1NoZWl3SnBLbUxMTnJ0MjcxWXJET09mNjhkVEVZaW5XQWZnamdHWVJCd1RVcHhBN2Nf0gGmAUFVX3lxTE1DdVU4UjZJV2x0SjRka1ByRWQ2VnE1a2xlWkx4TkJJQXBEUEJWNURITkh4aTBmR3R0bEFLUUNmV1dScUVwZXItOUNZSmJxbGdFWVRsRS00U3VFeXZSTFQ1RGZZMVA1REZ1TWxMQjZZcjROUjNFUWh1ZkFSM0FLb3BqSTdjOTl3dnpQNWxhNGxFTTlOUVRJVzdVYkRUR1RhNGdzam9wT0E?oc=5,news.google.com,"Tue, 01 Apr 2025 11:48:45 GMT"
Why this strategist says there’s still one last hurrah for the stock market before it falters - MarketWatch,https://news.google.com/rss/articles/CBMi0AFBVV95cUxPNEU3QTJxbWZFOWJUZXVGMjRqaFMtQmFjTm1iS3hxNUZvMGFmYlNMd2lNNm5LUmE4SlVGbnFvQ3NoamtoSnk0SVZiMmFrTEozV1piSXZ4RHluMGl5aXc4b295R1FpbHZSV1FBZ0FXU2VHQ1hEVnUyUEd1NmFTcjU5NFZJMlZHMFFpUnpud0lTY2Nrd1p1c0JRR0pOZVVyY1RuNVFibkNxNF95eFotYVRsakM3UVlOMUxweEVEVEFsOE5URXNSR1lDWFVzdXM0ZlZh?oc=5,news.google.com,"Tue, 01 Apr 2025 10:44:00 GMT"
Wall Street swings again as the approach of Trump's 'Liberation Day' wallops stock markets worldwide - AP News,https://news.google.com/rss/articles/CBMikgFBVV95cUxQN1E1cVhkNG1aaUlwY0ItZmg4dk5wMmVoR1Y5dnY3ZUtoSVE2M3N1Vk5XaVNCVUZrUExiT0NjNXBGUDFwTFZYWm0zSW0zTU4tY1hLbnJiZ3pxQWt2RFdFVmQ5R2tUWUY3QTk4SnNfZ091ejQ4aFBRbkZNRmdYbTU2MTlnYmxwVTE5UjFKT25wN1ZGdw?oc=5,news.google.com,"Mon, 31 Mar 2025 22:25:00 GMT"
‘Liberation Day’ Is Almost Here. What It Means for the Stock Market. - Barron's,https://news.google.com/rss/articles/CBMigwFBVV95cUxQaVVsM2dSWE1qd21TWGNSNHJaM0FTTXJJOE1VckhjeDJ5OEtNa19PVUpMTV9DbGtQTDBldk9hY0dFU2J3N0kzNXpVSWpNM1JvYWltUUtBYXlVV1Fjc3dDbjV3WHBHVWl5TV9hOUpJR3Q4Q1FWUmwwTEE1azNpQVRkSFpDbw?oc=5,news.google.com,"Tue, 01 Apr 2025 11:45:00 GMT"
"Stock market today: Dow drops as S&P 500, Nasdaq rise in countdown to Trump's tariff reveal - Yahoo",https://news.google.com/rss/articles/CBMixgFBVV95cUxQcjNBc0o1anF6cjJ4bUN5UG94N2VFaWRuTEtzbkpNckprLS12Ny1qRmNnN0V2aldrRDRJbkRwMlR5d2VCZ3FHdWtPR3MwTk1ZS0dkMkVvOEdCN0pKTHhTR3NkdXJUTnpER2pzNFZjUGZPRW42VWxKWmpnbnZIYWg2X3RHZkp5YnZfaUJaeFllWHA5REJSaUwwZkpHUjZyZFZMNjVteFJzZEs3eDJQQ2dqZnhEQzlTUDhDU2VZdWEwbWpWbWRVVnc?oc=5,news.google.com,"Tue, 01 Apr 2025 15:02:01 GMT"
"Markets News, March 31, 2025: Stocks Recover From Early Selloff to Close Mixed; S&P 500, Nasdaq Wrap Up Worst Month Since 2022 - Investopedia",https://news.google.com/rss/articles/CBMib0FVX3lxTFBETnBldmp3OGdaNGVKYU5IMkllV0NuVFZEQVRQNlpBWjFRTzNLZVpWZzdDNHdGOV9jSmxyRDJJRzhHa051ck5jWUxUamFSRDB3b2hMeHVFWDIwUGdNenVJRnRYR1FEOEdyeDZpMXRpZw?oc=5,news.google.com,"Mon, 31 Mar 2025 22:33:31 GMT"
S&P 500 closes higher Monday after briefly touching six-month low: Live updates - CNBC,https://news.google.com/rss/articles/CBMid0FVX3lxTE4yWVhFeFhqVGctMFhCanJmNThUT3Y3M01vbno0TWFIdDBOMlFmZkRPYlI1U21VbV9DVkNkX3RZd2pFX0JzMUJlN2VrY0JBLUNuaGwzRDVlSFFqWld2Y0J1Rml4T1cteDVXWWlOb0VBYnRUTHl6RXFZ0gF8QVVfeXFMTktYakdhMWRFUmlOQlFrOGRxczB5aE9aMEdsVndSVDZidUtVY1ZvcHN3UzN2eWdUWXZ2bF9oT3VYY1JwamhONDliR0g0R084V2VBMnczNWNtRmxmWGN0VDlCQ3RXZU5wVWRDY3BCWDVReGV0cUQxRmdOY0ZLcA?oc=5,news.google.com,"Mon, 31 Mar 2025 20:22:38 GMT"
"Stock Market News for Monday, March 31, 2025: The S&P 500 Rallied for the Day to End a Dismal Quarter - Barron's",https://news.google.com/rss/articles/CBMib0FVX3lxTE9DZ3J0RG5pZjlYODJZQlpTU2dYVnJrbHljUmIxa21MSE9jZVhfYjJnWFdhSEtQaXVxRG5TNEpBaDdiWHhVYnBxdUtKcjFRa2lTLUp6SmtabjFIUUxBWUM4dDRORDk1ZC1UZ1VaYkVpbw?oc=5,news.google.com,"Mon, 31 Mar 2025 20:50:00 GMT"
"Newsmax stock soars, pushing market cap over $7 billion after IPO - Yahoo Finance",https://news.google.com/rss/articles/CBMirgFBVV95cUxQVFhiY0F1d0F0OXR2bXZYekFnaFlMMGlsaFhMTi04MmlRdzV0Mzc1SnRPQUZvNlg4NE5MS2FDdzRkcExqWk9JSTQ3ZXlWeEpNeW1acVVzeFo2Yjdyd2ZMX2FFZVFaWFltN1Iydng5NHlNMWtxRlFCR01ncGZvUGI5bGl6LUZSOXdmYWc0bDkwS19jVzAzTVd3WVhvMG1wS3NGTnVrWFRLSThVRVVEQWc?oc=5,news.google.com,"Tue, 01 Apr 2025 14:07:54 GMT"
"Stock Market News, March 31, 2025: Dow, S&P 500 shake off tariff jitters to close higher, snapping 3-day losing streak; Nasdaq closes lower - MarketWatch",https://news.google.com/rss/articles/CBMiwwFBVV95cUxQd0ZuUzN1cE8tUnROMWRVVFQxc2FhaC1qejlhdUk3R3NPTjlmRTVsMFd5dkNPd21HTDVHZDIxMGhQWUhYWEZCNlZQdkxGYlB5dHBvQmNacVJhX0NfaFFiQzlMc0NkLUJoTXFVa2RQS1B3ekFGV2ZwVl9IWUFxSHRKZXBmd3JCZ093eGkxSmxYSnFhdlNYTk1rWlRiNkF4U3VWZ3NKNTM5cG1Qem16V1BiQk5nMVUycDB1al9UaFpHYkZBeHM?oc=5,news.google.com,"Mon, 31 Mar 2025 21:13:00 GMT"
Stocks Fall Ahead Of Imminent Trump Tariffs - Investor's Business Daily,https://news.google.com/rss/articles/CBMisgFBVV95cUxNQ28wZGFyOHpxdE9CSWxGWFdzUkVWWTN0UzQ0V1hHTk1mYW1Zbk1yalZEcTlZeUtIQ1hRTzlOVndrWm9LdWVteXBRd0pTSHZ4OWZldU5fQVBKaEhuWFo4bFpEYWZleGMxc1pvVlpnaDRmSnB0S2tRSU9EWGpWQmw5UTlzaUdHVDctY2JLbmlKS2JaTmZtQmNxZ2l3ZjhqX3hRZ3pKMWNjQkRsUnh4TEZIZmpB?oc=5,news.google.com,"Tue, 01 Apr 2025 13:48:00 GMT"
Stock Market Today: Dow Jones Up As New Trump Stock Rockets; 'Secret' Warren Buffett Stock Clears Entry (Live Coverage) - Investor's Business Daily,https://news.google.com/rss/articles/CBMi3gFBVV95cUxPdElqVTU4U29pVi1XVEhTSFdIWDVkTm1DWlJiYk9iVmNKdUY2anRCNGtLOFN5VUNmM1IxTTFnQ0hzTVdYMmZCZExHM193bDNwQ0lzZGJXZ3A1bUxpRGFQRkc0dzdoUzgxVFBocERMa0g1YkU2Wk9qRHBBSVZFY2ExOUxaWnlDM2wtS1hiQThqcm1zM0hIQzVCRGFnN1RYWV9hanpTVktsQmZMTVF2YWlaOEd6Mkc5Z2Z3UDdpSTVjZVNMZFhMOW9wT1VWY2xKR3JpSUxwSDMydk5vaWIwMGc?oc=5,news.google.com,"Mon, 31 Mar 2025 20:34:00 GMT"
Stocks Mark Worst Month in Years as Trump’s Tariffs Loom - The New York Times,https://news.google.com/rss/articles/CBMid0FVX3lxTE9jbGw0RHlzaEdMNWpIbURsYkIteUtvaEVJWlFFUXFVZGl5cWlXdmxMNkZRRHB1R1B5amUzSHBQMXUyMl9BQVBycURsRHdweVNYcjNMYXM0dEVzdUhIcVNqTVBvQktDeDVfS1Z2QndvZ0lwdVFkcndZ?oc=5,news.google.com,"Mon, 31 Mar 2025 23:13:00 GMT"
"Stocks rise, gold at record as investors await Trump tariff clarity - Reuters",https://news.google.com/rss/articles/CBMidkFVX3lxTFBjb3NTVXZ5N2lwbG5xRnJ6MkdSN3ZRME5GTXJPNGljX2ZkS1ViUjh1d2QtSkFtUl9hZ1V0QlZpN21rUWZPd0NqdVl4VnM5amNCXzdHSDJ0VDJvZzk1TlZuZVZnZloxZ0Q5a3BNbXA2ajZxWmVSd0E?oc=5,news.google.com,"Tue, 01 Apr 2025 11:03:37 GMT"
A bullish signal just flashed amid the stock market chaos - Business Insider,https://news.google.com/rss/articles/CBMimAFBVV95cUxQR1d6M1VNRXNaMUQ0RnBVdlFWX3ZyYjNuN09pWkNrdTVNSXlZckJOUF8yR2RzX0lmY1B4S2hMY3drY0FKQXhJMWJWa0JyeWFVbkJJc0xWZUxSckxGVk5wYW95ZWtGQ0lWcjdIRjhNd051QXQ0U2I4a3hiZDRLX3FsdTU2NTh5QUtsczl1Sy1hcUhYLXp4bk95UA?oc=5,news.google.com,"Mon, 31 Mar 2025 19:44:00 GMT"
Wall Street is fed up with Trump’s tariffs. Stocks are off to their worst start to a year since 2022 - CNN,https://news.google.com/rss/articles/CBMijwFBVV95cUxOcmMyLWRGRHVvUlhBMlhFOTA4c1lKZFl1bThtaXRoS19Sa29WS1dvMzZnR2oydmpJaFNSbWgza2FvejRwSmNQN1Q1a3BVQWRRTnYtLVAzM0NSUXhOMy1ETFhOOEtxWnozRTAwTG80TTJIY1VVNlhKN21maWVRei1KZDBzUTlIZHZSMXVWb3ZvZ9IBhgFBVV95cUxPUHBYZFpCSnY0alg4Y1ZQb3JmNW5KSk52UmpfcDI1R01MWDVyNHFobU1UUUN3VVRVcTUxU2NSVDhlc1NiTDJQa2hJMDhlemloWWUwbm42cHN1MWdvUFV2dFR2SjRzTnV3TGY5Rnc5Wl9wR0lIcmRTbXhlR2pwYlQ5T25yaTk3QQ?oc=5,news.google.com,"Mon, 31 Mar 2025 20:10:00 GMT"
"Stock Market Today: Dow Jones, S&P 500 Give Back Gains; New IPO Name Soars As Tariffs Loom (Live Coverage) - Investor's Business Daily",https://news.google.com/rss/articles/CBMirwFBVV95cUxOZVQxTmZOWnlWM3psSW1vbkJtWGhOMFN5NF84UnZmb2pMM0VLVXpkcjZyTXZMVWdiLWcxaWYzeWFUVFE0WjFVQjVfanc3c3IteTN6TGY3dmVJV0JNbjZ3N21nVTZpYWtLRWtRYnJnZ3FNWV9zbXVtdE9XNXZNSlFFT0poRF9YVzU0RmRMWUNpV0t4UU90MjNjUk5WRVVtbHlmaEhNQ3R1SGpOVTAwYUVz?oc=5,news.google.com,"Tue, 01 Apr 2025 14:44:00 GMT"
"S&P, Nasdaq post big quarterly percentage drops on Trump tariff turmoil - Reuters",https://news.google.com/rss/articles/CBMilwFBVV95cUxOTkN5MVc2ZEgxQ2FqalZpSlExMUNxSUNBUE9OcmJlRWFPSXRvaWowLXRzZzMxZ0M2MTlNNXpPNXh2NXN0Zm5TM0ZWa1l5QnB2dlYxMExwOTFXOC1sT1E0bG84TERDbDlEVDZkUjNlRjBqajVOY1B1YmY5Q1hMYUo4ZTBLRG42VWVXdnVaQ3ZDVTFiMFFtWWJn?oc=5,news.google.com,"Mon, 31 Mar 2025 23:55:26 GMT"
"Dow and S&P 500 close up, Nasdaq falls as Trump's 'Liberation Day' tariffs loom - ABC News",https://news.google.com/rss/articles/CBMiowFBVV95cUxOLV9qWTNMWjRYcFhwQy1Ud2phT18tU255NC1VWUFEcFJGcmZCcDdMZDRaa3ZFQW1GRkZ0Xy1qajMtcTB5dzlpanZ1WVViS3pHU3AtSlJQaEpNeExNTTctVGhjMlNWZGVaem1ib2xOWGc0NEY0WTJTa2RkT2F4RWVpX3huQTNCQWFldFdaZy1CaDZ0cVVwZndMWXhGUTBxVDJ1WXRn0gGoAUFVX3lxTFBuMkJsM2VOekRQeEE1ODlFVDBQd3puMXVzQXBaQWQ0aXZyWkZLV0JTZEVsTkFpbUM4VmYydHFESEF1VEpucnJNaG91Q0E3U1ZlcDllc2FKRUM1VmN1U3hjU2M4dnNORlpfbDRCZFgxN1EtWUpxVnZNLU9FRldQenpMWUFWRDB0UWlMQi14akpzR29UVFllaEdZT2NZUjhlLUd0LVlualJ6Uw?oc=5,news.google.com,"Mon, 31 Mar 2025 20:11:23 GMT"
Trump Tariffs: 'Liberation Day' Looms; EU Prepares Tariff Retaliation; Dow Slips — Live Updates - WSJ,https://news.google.com/rss/articles/CBMihwFBVV95cUxQdWFWODdFN3BXNWIyaGkwaF85bnFHUFU1UUl1dGM0Rm0ycVR2T2FwdFlpZmlfVUhXQzA2RTlJbmxkV3RBMXhmOHR6bjk3bW50UXVySFFsMEtqRW1pLWptZHRPWWQzdFFwQVB4SmJZb1FhZ2VGSTl0a2Z2dGx6QjRSNXZYOENJeFk?oc=5,news.google.com,"Tue, 01 Apr 2025 15:06:00 GMT"
Stocks finish higher after earlier losses as markets await Trump's tariff announcement - NBC News,https://news.google.com/rss/articles/CBMiugFBVV95cUxQR28xVnZEVWdzcFpvMDNjSEhxb3BvTDA5Nko1aldZSjcyaVZTTTFqNmY2R2wyVkFsRlNVQzVLUm50LUUxNC1FeGJ0MkRPdlRoeGEzQjVKWGVFXzUycjJZcW5LZVl1QmRIVmhjNmtlaXJXQ1dzcjZMYU5QNlBta2UtbVE0MFZJRXp0LTlIenJoLXJGLS1tVC1xTEtGX0FuakFWUVFrQUotUmhDYXJDVzZCaGxHb1lVbjBhVlHSAVZBVV95cUxNM1AzRWRVZTc3YmpBUm9Eb2JyeWpwVWQ3MnRyR3VEZExKeS16N2ZvcHRnb190U1czUU14MF80QkpTakZCWFE4Q1QtQm9lTUJ2eUlmZER1UQ?oc=5,news.google.com,"Mon, 31 Mar 2025 20:11:22 GMT"
"Stock market fights back to end mixed, with Dow up 400 points ahead of April 2 tariffs - USA Today",https://news.google.com/rss/articles/CBMimAFBVV95cUxQMnlEeG93MlQwNjVQSXVrRmZNWEptNVdZbklydFZLMkt0b3hUbUF0amNYQ1RWOE9hWEJ1Q1R4Ni1UYmNLWjRveFJyU3hJVWY4aWFtejY1LWlvVnpYaFMtdXMzUHpOX3ZqT0pRX0FrVE9YWDZ3RXRxY3ktbEszUGlfVm92QkhrVVpUWVVXZnJzM202Wm9FTXlBbw?oc=5,news.google.com,"Mon, 31 Mar 2025 19:52:54 GMT"
Why the stock market sell-off may not be done yet - Yahoo Finance,https://news.google.com/rss/articles/CBMimwFBVV95cUxNN1FjYzhVdXdMT0xrSHJ3cFFpdW9QakpPQTg3dmJTQnZIWHgzV3I0aU5iM0liUUVfM1Q0dVVOcjZzZW94cUZfbGNkMGgxam9xYjVZTE1SMzA3NWRfZ2NtX0M3eFJCcTkyblFSYU51b3ZEcFNiN29NMlJFTzM1X3FVY1NQNW9HeEQ0QUZKZ29fbkR5RmNMVzY5aHFLaw?oc=5,news.google.com,"Mon, 31 Mar 2025 12:47:36 GMT"
"Stocks drop, gold hits record as tariffs stoke recession worries - Reuters",https://news.google.com/rss/articles/CBMidkFVX3lxTFBFQ0J5dnlGOTRzU01raE5lSmdyeUJ2cENmY1pjdVRMVUp1aVUyNjZSMTlMYURialJnQ1VkYTRQX1VJbmcwbnhqZzlVa0lZaEtJQktXZUEzbXp5cUNWYktQSFhDSENHck9lR0lLbzhHZDNVOV8xd0E?oc=5,news.google.com,"Mon, 31 Mar 2025 21:21:03 GMT"
The key risks that drove the S&P 500's worst first quarter in 3 years aren't going away - Yahoo Finance,https://news.google.com/rss/articles/CBMiygFBVV95cUxQUjFWZ25JXy1UQTF4ZDFBZlVQS0s0TzFFSmZremdnY3paWkpLcG1nbU9RcGZyWXlXN2Y1WWFUSVM3a1ZLMTFjRExfX3Buc1NfQ2JrSlYtMDZtdUhmVkdsZlNGa1JMMmRRdUhoUXdaYnFneUJpUTA0T3dYWWl1YUVXTTRBT3d0VFdrOTJnak1pY2JuUGo0OGZqY1h0djVIbWlRdjlVWDRqZzNvZ1JUdTVHZmNLdHpOalZtNXU2cE5pRFoxTTgxbE95eHJR?oc=5,news.google.com,"Tue, 01 Apr 2025 08:00:50 GMT"
5 Things to Know Before the Stock Market Opens - Investopedia,https://news.google.com/rss/articles/CBMinwFBVV95cUxQYThBTm9IYVFnMGowOXp6cmZ0ZFNqcWZRRFg5UjBuWGVaTTRoa1JORXd6d2pMcUw3bktqcEM0SUVTRkJBNm1vUVVHNmRZUEpnUlR5ODdMSXA5emg1Sm9MdzZNcjNTV3VuYUdoWVZXVzJuMU5hLTFvQUkyZ1Z0M0haelZmQlFGSjdHajc0UmhWX0xBNFVzeUE2UksyX1RfMlE?oc=5,news.google.com,"Mon, 31 Mar 2025 12:01:07 GMT"
Stock Market today: Wall Street slide on the eve of Trump administration's tariff announcement - ABC7 New York,https://news.google.com/rss/articles/CBMitwFBVV95cUxOa2NhcGNlUVJNYldtOENyTnVvQUlzWjdMZ3lLRExvTmI2Q1M1dlVDRG1XTlVSRTJ3LWhmRVl5SndLcGhuZlFNX2FjYTlsQU9QZkdkNkIyU0ZBOGUzWGJwVHpOVTBmOTBiUEJhOGczaFB2dUhpMXg4RkVsMjV0WE1iUXB0Y2JwbnQ5Sm10QzJ3Wk9ZQmFtVzFNZTIwN2xOWXIyS3ZDYzRJVGdlTHdlYUloY1FHaHpQeTg?oc=5,news.google.com,"Tue, 01 Apr 2025 14:26:24 GMT"
Jim Cramer's top 10 things to watch in the stock market Monday - CNBC,https://news.google.com/rss/articles/CBMinwFBVV95cUxQVWk1QndfRXFkT3U4UzkwN1h3NkhSMTNPbGRacHRCUHNjdHhlVno5NXdraURJcXJaemNoT0VKOGppeS0ydldvVnVPT2Yyc1pOb0tiRU9HeldjVkphX0IxZXp3cmpHNDBUM2VOcnBSdXp1dFk0UktxRE1DZ1NYRlpNN0V5M1RvRXZwa3BLRXA1anZwSGtQakNVM0t5aXVSdFk?oc=5,news.google.com,"Mon, 31 Mar 2025 12:57:23 GMT"
"Tesla, Johnson & Johnson, PVH, Southwest, Newsmax, and More Stock Market Movers - Barron's",https://news.google.com/rss/articles/CBMibkFVX3lxTE5QLUxkS2xaNUk0X0pZWkJ6V3hOYWlBZXdvamZaS3Z6OGwzOU5fWm83Q19TTW14UWN2NUFDMmUtM0RTSGdGVTc4Y3QxWVNVZVMxYjVRZHk5S1luOEJrZ2p6MWpLd1FLX2VXYWdXSDNB?oc=5,news.google.com,"Tue, 01 Apr 2025 13:51:00 GMT"
Dow rebounds for a big day after stock markets slip early on fears over Trump’s tariffs - The Independent,https://news.google.com/rss/articles/CBMiswFBVV95cUxPbTJvTkVaSEdnUUhXMXJzZVRDWC1mNkNuRUpvYm9Md2VkcUZxeHNaVkJFeVk3QnhjdmtsY1NZa1JVRHFpSU4tNXFqc1lVeW16QUZ5UjNYZ2FsR2N0b0Z2QUZzazRxQlVZWFVFelhGODRIOXh2Zlc2dHc1UFhudXdHazh2OXJMS0c5V3FEalRIbldRQlZIREJvR1dJSy1PVzJqSkNFc1pKVGNmUk5CUV9XUkk3QQ?oc=5,news.google.com,"Mon, 31 Mar 2025 21:27:00 GMT"
"Stock market today: Nasdaq, S&P 500 tumble to resume sell-off as 'Liberation Day' tariff worries mount - Yahoo Finance",https://news.google.com/rss/articles/CBMi2wFBVV95cUxOMlptTkNKa3I5WGVscHBHZWxwcXQ4Uk9uWXN1X0tGellrenJ3OURRVEdxNEc0TUMwVzRxbFVtTzNRcTIzazFPZVpCVEdkSk55aXFTTG92bjd5X25yVUtWaV9mQkNVV1FXM1BFSHdrNnhVM09uVWttcktIN21JQTZlaW1yQ3NIXzlnc3UtSzRUeWFWX0FGTi02akpWQ1VuR3pOeVpmSXR3MjZXeFVQa19FUVJGc0FXSjdfMW92allOa1YwNUlKdGktV0s4eEo1SzVGUXhGZDR6a0dxRUE?oc=5,news.google.com,"Mon, 31 Mar 2025 16:05:36 GMT"
"Stagflation risks, looming tariffs fuel stock-market jitters in ugly Q1 for S&P 500 - MarketWatch",https://news.google.com/rss/articles/CBMiygFBVV95cUxQMjh6MWZqZTJ1bGtYcVdtMFQtWC04d0tKNWFwWDBPV3lablktblhEUHNKcWlqdmlacjNKU2wwdTBjVnZCblVTdTAwVUV2aHJ0dnBPMG5lVmE5SV9wUWRsOHdaYnUybDItZFdQSnk4SVpFWmJyQ19WcHgxc1RzNnRQeWxERVl4dExCQUJfNllVTWdGS1c1QkhLWUlPTXRuTjlPai1GRm5hNUt2Q3V2SHVEQ21jOVJwV3RPakZrOFllcGFkSFg5bkpiWlFR?oc=5,news.google.com,"Mon, 31 Mar 2025 19:57:00 GMT"
Stock Market Outlook: Where We See Opportunities in Q2 - Morningstar,https://news.google.com/rss/articles/CBMijwFBVV95cUxPU01Qcl9hNmxYV2Q4dGxwOEpYVmhuWGZqMGNxdzR2eVEyeVg3NmozOG9MR0d4Ql9jYjZlejJHUmpWaDc5cy1QZGdrTGxqUlN3VGMyM3RKWk9aS0xEUzlDUC1XRjQwSGhSRGp5RG1XYVJDOS1DbEN4Zm4tUkdKZzlScERBWVJTa1BRQlZnd3FHUQ?oc=5,news.google.com,"Thu, 27 Mar 2025 18:43:02 GMT"
Investors are stunned after the stock market closed its worst quarter in 3 year - Business Insider,https://news.google.com/rss/articles/CBMickFVX3lxTFBrbWVOVmNwTTNnaURMYmtEMjdUSU5pMGw2X014S1ZUd1VFb0U3NmF5S1JiYnlVNnZYMGJKdC1SQzk3dTU5XzZBd05hNERDaVJhNEdtMG9HaHlRaVRTNUh1U1I5V3djVy1xYWNkUi1qV05hZw?oc=5,news.google.com,"Tue, 01 Apr 2025 11:42:00 GMT"
"Stock Market News, March 28, 2025: Stocks Fall on Tariff, Consumer Sentiment Fears - WSJ",https://news.google.com/rss/articles/CBMihgFBVV95cUxNZlZRWjFMQkItRzZMUDNFcG9WLWlxMlNtaUw2NktnNGoybjRaZDYwUFpqS3VvUkZqcHlVX2hHS050dFU0cUREVDlDem5ObFc1Nk84Q1JsN01oVWg3VkxPZThkS25md1otZm8wU25KQVFDM0Iwd1hxMTdRZFNVTTZJWU1JZnJHdw?oc=5,news.google.com,"Sat, 29 Mar 2025 00:28:00 GMT"
Futures: Nasdaq Eyes Low As Next Trump Tariff Wave Looms - Investor's Business Daily,https://news.google.com/rss/articles/CBMitAFBVV95cUxOeVRGaUZaUkx3MGlJNnUzVkl1ZjNscE9lN2JIb0x6X1p5UFZWNlBIc0lyUmRBZkhXSjRRRUhLRk5uTGw1c01aZFlXN19OSlhiUVhHMnZFT1oxeTJNOEN0LUp2VVllNG9Rd191LW1zZ0tHVkNZNVl2S053UldMZDVoZ0pRS05Na1N2d0dKT2ZyQ2Z6bGFuUUxXeEM1aGE1S1JjYlowUmZUQlFOTXFfWjJOUFRuU0c?oc=5,news.google.com,"Mon, 31 Mar 2025 12:18:00 GMT"
"Stock market faces 'serious pain' ahead if this index breaks down, says strategist - CNBC",https://news.google.com/rss/articles/CBMipwFBVV95cUxPdUJqMnByTUlvbXpSaE5QOE1BYkJZOTA2Sm80SUxBdHdBd0hjQzhIVU8tc3d6ckJkYlNoZk9VQk1TV1VnVlQ1Z3JKaDEtdURXNlF3MnYwMy1JRi03NXdROGR0ekF4cUJQVlpOeE55TTVfSzVsamw1WlpXMGcwd2NIZGRWaFYwREVNLWR2WjhtelZ3NjlDc3Y2TUZqS0NyMVVnZE5Gc0J5TQ?oc=5,news.google.com,"Mon, 31 Mar 2025 16:21:51 GMT"
Wall Street strategists continue to cut their stock market forecasts as Trump tariff fears become reality - Yahoo Finance,https://news.google.com/rss/articles/CBMi5gFBVV95cUxQblVCazN5czdaVGU0YW9tWDVIel9oRnZqcnkyaERKYzJDcTJZSmZvRFdaczZnblhKb2JRME16bjJyd3czZGlBRlozb3RicnU5VkZ6LTQxWDJvYXNtRlRQXy1kRm9nVnliajZTZ2pMMzN5NUZBdzFuLW02ZTlETmpoakNfMEFaNzExaWp6RE8yOERJbzdOc0xJUG5hOWF4NkNBVzRob3Vod2FLX255VVhySFpqVkpFR21JZmFFVmJSZVRHQjhXQkJWeGNvSDZLZ0RvaUJDMERBdjI5Znl2WjJjVkh6TEc0Zw?oc=5,news.google.com,"Mon, 31 Mar 2025 15:08:23 GMT"
"Stock market today: Wall Street slips following Trump's latest tariffs, despite solid economic data - AP News",https://news.google.com/rss/articles/CBMimgFBVV95cUxNWHNrLUlIczBhTkwtUzY0UFJ3RnJkYkNxa0NDRWZwVmNwN3hxVG1zcXZYbjZPVmxxbGlJajhuMTczY2pyaG11M20ydXlwRTBNejR1cmJsYTRnT2VDZHRaemFBWUgzQTlTR0o1RmRHTFZZQkNaS3N2R0dCNUhXTXZ5U09BZmhiUDdFQWlyTzBXZUstbE1Zb09FMnBB?oc=5,news.google.com,"Thu, 27 Mar 2025 20:59:00 GMT"
"Stock Market Highlights: Sensex slumps 1,391 pts on first day of FY26, Nifty below 23,200 - The Economic Times",https://news.google.com/rss/articles/CBMi0wFBVV95cUxOVE5pRHpVNmdWNTJZYTkxTFZpVjFLT1pHbWxVc04tTEF6d2l5N1dlOUh1eTVGOExjSldsN0hMaGZIVlR3TGJzN2dNUFRLclVxdmVYNnRpLUVLN2JYa1QzZXZVZldUeUJZT2RxbEZlYnlLa1BEd0NFb3lsSFhYWWtXNS1EandRbl84ZkNvWUE4bHUxRUxCQUJIYldRRGFxcW12VFNjbmNXUURoRV9QcGRNTzJmUjgzekR2QnBFaEctNWJGTHlCNTBwQlQ4QzY0Rm9DVXhN?oc=5,news.google.com,"Tue, 01 Apr 2025 14:25:59 GMT"
Stocks close out their worst quarter since 2022 amid tariff uncertainty - NBC News,https://news.google.com/rss/articles/CBMipAFBVV95cUxPZUlRV0VBNjg0UUN2UGFaeERieEo0NEp2VFkxZDJtR3Z0Q0liREZ3eUd5NVRkVHI4MUQ2Z3drWDlTTHRlQXExWm5ydEwteC1GV192Q0VpNFNHb1paWGVsMFNuQ1B0ckVkYjVuN1pELTFXY1BaYl9hZnUtQ1NNaE5OVjV0cUc1TFhxeERvdlY1N3RZZEhmX1NxTXFDeEczaUtkOXNFTtIBVkFVX3lxTE5aVjB4TTUwODZSd3lvV3MzQmFKdThsaFpQZ2ZUdHQzNmlVRlNrV0lNcFQzem5DNVRZOTNoQVRQQXpHTVYwZmRGLXlhdVE4bDZMY29mSlBn?oc=5,news.google.com,"Mon, 31 Mar 2025 21:25:21 GMT"
Calm Your Investing Life: Own a Bit of Everything - The New York Times,https://news.google.com/rss/articles/CBMijgFBVV95cUxNZWF4VXJiSlktZGdBdTY4Q2ozcmJ0bUZtWjlKbkhTVWFiMEk3YkEwQjVNcmRoTnhhcm5xbHNVZXlZNi1xbDd2Zk1sYWZZM3JjS2xJN00zRVFPN0xUVmVhb09rTUttUlJLSWxQLU1tTTRGSl9udld3V2VmempQMHJpTXdibTY4em9WYUJJSWhB?oc=5,news.google.com,"Fri, 28 Mar 2025 13:02:40 GMT"
Dow futures drop as report says White House mulls global tariff of up to 20% on nearly all trading partners - Fortune,https://news.google.com/rss/articles/CBMiqwFBVV95cUxNM3hnNU1od0NVeWw5cEdFQjlfVFNXZzZieXdiMlhMZFB3YVVSNmk5R2V3cFlqZEZ4d08xS3dzV1hYcm03TVU1VWRiRG82cWFuN1FtWTR5cFBMOC1vY1dtWVY1Uk81ajRfQ3laQ0FQWVczNlBCR0RyWXF3NW5fZVd0eW1OQ3A4QnRYMi1DcXNKWHRSRHd3YnBsNVA5R3JnQTFzanl3Y01xYl9VV1k?oc=5,news.google.com,"Sun, 30 Mar 2025 23:08:00 GMT"
"Wall Street tumbles, and S&P 500 drops 2% on worries about slower economy and higher inflation - AP News",https://news.google.com/rss/articles/CBMijwFBVV95cUxNQ0lVTGVHeHo4WWJCcGtEeXVORW1iU29WQklCSVhpSnZWcTNfdkFuMUNDVFc0eGdjU0ZWNjh2MnlBZ0s0RXVhcGtNV2pfM3owUU1kU3gzcTJINmZYMmd3YXQ4b3VOS25aUVVCTnJmUlBjX0dreWVzMUo5cm1ZQ3NjMFJ1Sk1yeGpPcEt4cWJrTQ?oc=5,news.google.com,"Fri, 28 Mar 2025 21:27:00 GMT"
5 things to know before the stock market opens Monday - CNBC,https://news.google.com/rss/articles/CBMilAFBVV95cUxOS3Z3eFZjNnFwTVpjSl9RMWdZc1QzcmlhRGdYY28tTS0yUEJaVnl2ZS1RUGt4TjdKQ2pPbng2Z3N0cFotWmxYR1ZsOHV2WnptaDFKLUxrVm1YRWstNlpRWHlVQlpZa2xjUEhhRWtJYnpTQmFWWmU5TTdCYXhuQ0tSNjhDWDVxdGJJc1hoLWw1d3ZucklZ0gGaAUFVX3lxTE45RWlzTFFoTHdUblNGZEZycGpIMDZtV1hhbWRLbFVGTHpWdHowY1NJMnhtbTdYdjB5alB5ZkwxbzJBVXdXMExLQXUyZ2x0TU9xZk8tSWpyUElpb0k4dDY5SmhrNmxpNkRmZGlsdnhZcWFuc2JqOEo1Rm1TTjU5ei1TT1ZveDFmbk94TzNKeXItUUpUOGNIc2hkdHc?oc=5,news.google.com,"Mon, 31 Mar 2025 11:53:29 GMT"
"This market sell-off is an April Fools' joke on investors, says a veteran strategist predicting a 27% rally by year's end - Business Insider",https://news.google.com/rss/articles/CBMitgFBVV95cUxNbUdlbHYyaDBJZ252a195UDNZWHZVRjcyeEhhNDFVRDh3Zm9OanJIdnZSZFV2dTBEU005MzNxSmc3ZFVaZjg0b2NlUnZfbGFOOXJ2RTdNNFJPM1BrblR5N24xaVJ1dUZUdDVuQzRlR016VkhUZGVoT0lwZER5ZEJldTViam54SDBMeEZ0dXBFangxT0htZHVDNmViSU9ZNFRwOUpYQTV6TXNFMTIwMXNBcDk3M2J6QQ?oc=5,news.google.com,"Mon, 31 Mar 2025 18:24:00 GMT"
"Stock Market Today: Dow Jones, S&P 500 And Nasdaq Sell Off; Nvidia-Backed CoreWeave Debuts (Live Coverage) - Investor's Business Daily",https://news.google.com/rss/articles/CBMiuwFBVV95cUxNbzBTTndFZXZ2OUhsa1ZQVHlmM3ZGWWVkdThxQUEtLV80MjRONVY3M1V5eUZkS1hvbEt6aTV5T0poR3ktLWpGNkpjcW43MXdHVzVWVGdQRWtNeEkwYXNCLVlmUFUtUVZjdHBiZGhMcmJDbFJJZ2RVVzdEM05tR1poMzBuQlhWa3FoLTFWUFRaOEstVmFMNmR5Y0REeTF5VTdnVF9GRXdvYmk2aTVuWGZxQlJTVU01M0V1cURB?oc=5,news.google.com,"Fri, 28 Mar 2025 21:14:00 GMT"
S&P 500 marks its worst quarter since 2022 amid tariff and inflation fears - CBS News,https://news.google.com/rss/articles/CBMilwFBVV95cUxPZTdvQnROTEVScEJ4a1NrMUJRVjZNUk1kWFh3WlVzcFByVGVnV3VCMU9aT3Z2UmhHVk40V0twR2RXRmJWcVJjY3YxZWZmQmNvS3dTZGgzYTlIY0hITERvZnJCZ0xoMlhYSVFFMzlqSFRTTXVoel9CUFA1ZGg2RGdzay1lQmdILUlqQlF0cWFmdTJUMTVJQlZz0gGcAUFVX3lxTE00aF85b3JEandsY2ZfaV9ab216MDFKVXZBS25SdmctTE5EWXZmcHZMdEp4VFR1LThSUEFNRjJLOGlKV1RncUNONFU3c1hhdXM3MFJLR0dPbjJCLTBhRVRsWFlab2w4VUdFdXFXakJQQ1RuWjQ0VHg2dTVHUEhUeW9aTy14RThNOGUtMGhQNUVTWWpESm9rY1lrRWFkRA?oc=5,news.google.com,"Tue, 01 Apr 2025 00:09:25 GMT"
"Stock market today: Dow drops 700 points, S&P 500, Nasdaq sink as Wall Street reels from tariff, inflation fears - Yahoo Finance",https://news.google.com/rss/articles/CBMi7wFBVV95cUxPMWRwczEtWU9GVjNYSksxRVFmXzFwakRFMEVMVWg0d0g3d0tpZENjMnlmRE1oV0JpSG8xbVg3bGE0cTEyN2ZDbFp1dW1nU05KRXlOTnpvdDNaLUtsdmtnSHRQUlhobEFhdFNiajMwaG9IdC0telFaNDY5ZldYbXo2dmVyNnJTZ1ZZMkhQVEJ5MWhNd3N4Z1J5Vm5Hcllic0daNlZ5WXN0NjlRY244N2tpR3I1OWpMN3dsRjhwNG1xWU5yVFdvTkRTeXJ4RW9KcVFWOE12MTBGa2hPbF90M0FrMmdSaWQ1eUNxMWotdGtoZw?oc=5,news.google.com,"Fri, 28 Mar 2025 23:06:13 GMT"
Global stock markets fall as new Trump tariffs loom - The Guardian,https://news.google.com/rss/articles/CBMiiwFBVV95cUxQemFDUE45OXJoQ3g4U2d5YzBHMkVvM3BBY1Nxamhfbnljc0pMYWhuY1ZNelpyQUJjVDBmTXUtcUVZTTdoT0lERzNicWFVdXdROEozQ3RpelZ2R3dwdjBGamNaWTRucnNRUElsYkJhaThFVWUzVVBJbE9RZktKYW0zWmVYN3YzNXVBX0ow?oc=5,news.google.com,"Mon, 31 Mar 2025 09:13:00 GMT"
"Stock market today: Wall Street drifts, and Asia and Europe recover a bit ahead of ""Liberation Day' - Idaho State Journal",https://news.google.com/rss/articles/CBMiigJBVV95cUxQY0tTZHUwcGtsZElYaFlaWkdITmFrZ1RWbGhNSGl3eUtLWGhwdFMyVk1fdEl1azJwNFlyT2dSRDlrNllrd3k0akN5NW9pcWJDOG9oRmJnaUNZSldiS09JaTREOGs1dlR0U3IzeTJvSldxdDdCV0FYQlZ2MGtUdUxKVGlYWEZ5SmZHVWt0V2t3RDNsUlhjZ1E4VlQwcUdGRUlCTThyTl9WeTlyVGpyN3VXYjkwblJEZHRuaGtkYnZjM0JNSHBROW9CWnBCWXdseE1VT0c0QTdtQ1p5Nlc2ekdqMU9NSFNIS1ZHNzF5OXFzRzQtMzBwT0NUc0ExWlVHSVNZQmhlbjVZUHFRUQ?oc=5,news.google.com,"Tue, 01 Apr 2025 14:53:48 GMT"
4 tariff and stock-market predictions from Wall Street in this make-or-break week - Business Insider,https://news.google.com/rss/articles/CBMiswFBVV95cUxQMTh6eXBrSzRsUXJ6MURaaEsxQVVJODZtVFVjTUFreHFzWkhCSTQ0MnFJSnFfREJURzNRRWFOOGQ0Rlh4bFh6STJ6NF9ubGxjdVJ2NHJzUHpsYW1BdFItb1lha0lpenZ1SHJWZjhzVFBtWGhjV3dsdnp2d0JhUThhaFMxcUc4QW15cjZTME42TFBpN0tYSGMtYTBVeFl0YUtDMmRmYWF4SllUX3BQY3djS0xTQQ?oc=5,news.google.com,"Mon, 31 Mar 2025 18:27:00 GMT"
How the stock market is anticipating Trump’s tariffs taking effect - MSNBC News,https://news.google.com/rss/articles/CBMiugFBVV95cUxPNXlLMWt4X0hNTHFTOUI2OEx0a1U0UDdJbUxlbXBXWDFaYTJGWkVWcnJYRGJZOXdSMVRYYWJSVklSYTIyUXc3c2hVamFjdTV3VVZpcjlpUnNyRzRyU1N0SGdrbllyUUZNdU9YNFJPSmRvZkpIWGtuaVJtYlEyZndGbmpHcC11N01ZVHVHbHFEWlhjYlJEY2kzRFlYV3JXYUFPSjVPMEdlR3BLVk5ZcFRVcnYxcDFmaUdDTkHSAWRBVV95cUxOMDhiUW9vLXB1QkRRTzk3M3VFeDNuUHJ6VnRoRzZQSjJ0d3dnalJPVUdJaEx2Y1pxOXJlbVRDWWJISlAxamRrdF84anFCLVN2UUU1S2g3SnlFeVI1N3V3WllKZE9E?oc=5,news.google.com,"Mon, 31 Mar 2025 15:13:14 GMT"
5 things to know before the stock market opens Friday - CNBC,https://news.google.com/rss/articles/CBMioAFBVV95cUxNZFh5elpUeUdXNjktS3E5Z1J6OWdKbDdIci1ZRU5ETHVLZnNjbk90aExHMmJod2oxNG9mVmRBSEJxclFpNG0wQVdBQ0I5QlpqeWdjV2QwZEtMTU5Nc0ZxNEpxTTFLVzB5YllkWHpmUTJPVlRQMjR4Mi0ycThXQktfOU5fN1FXRnpiaTNkWmN1RS1WanRWdEc2NVR0aFJHa1Nw0gGmAUFVX3lxTE9mdVJoVXRNeWZqR1hZVHliTXNxSF8yQ3pRUm9DWjRMMU9rRE9OMGdRNERVbE1DZ2VNNE1lSEVIMVF5akhGN1lva0hNTmhTU0JnVE9pQVc3THpXWHBwQ3B4NnZ4eTk5ZDZHNFFhNC1ORUkwMDFjZXctT1JSQVE2MG9CMnJ1M2dTUjN6WXRIZF8tZG5WVExDVXR1N3dBMFVkWEFFaVlpaWc?oc=5,news.google.com,"Fri, 28 Mar 2025 11:37:31 GMT"
"Stock market, S&P 500 drop over slow economy concerns - TODAY.com",https://news.google.com/rss/articles/CBMimAFBVV95cUxNc2dYVTIxLWFxMVdySndVdS1nd1ZIRHNOMHgxbDdPYVlVRFRZakZCS1JaZHVzWlVWYjFObV9jSFdDYXd3c3d2aXVkWl9NUVVHdlo1QXlveWdzZ2xDQlVnLW90clk5bTRMS0lSa1VuT0J4QlV2Q2VsT21RckdvanBobV9wQmE1cDQ1SkJrX2ZFSk9VNTVDNUlSMNIBZEFVX3lxTE02cWhUMzZTSmM2TUVLRFBQMmlMUF8wanIwdW1KNnhaa21xckxacDV6ODR6UlNqYS1WUm1iY3pQNWtKMEZ4RXpkQXU5V1dxRFJRYUgwMWZiOWdqU0NJY3pFb2hmMU0?oc=5,news.google.com,"Sat, 29 Mar 2025 15:32:07 GMT"
Stock market suffers another wipeout over inflation and tariff fears - CBS News,https://news.google.com/rss/articles/CBMiigFBVV95cUxOelczRkNyVUY0N0l2WGdoX2E0c0U3MTdaLUFTRWhkS1I0MGVZdjZCNEtnZl9sNk4xcjA3anVESm1kNW5WaTBhVnJZZ25UbW9NbHIwTjRxbG1JdUlvZjJfSGROekVEWXBROE84OHl6Q21JcVFoSWRiVFdQZ3l6Wm1GVmNWLUtqZ2R5cnfSAY8BQVVfeXFMTk9TWHFSNC1LU1NXeHEyNlBuV0Rhd0xoLVpwUER6bmZCb0VYNXVoTWRlWkR3cW9sWllTLW5hVExXdTd4ai01aXBRa25EclRCVk9GQzlqSlFUcGs4eXBrRnNtYWtsb2ZUNUtHRG9mbDg1RTY3TTladlpRaVZkQWNQTl9WOVZ6QjJaNnZOUGd3WHM?oc=5,news.google.com,"Fri, 28 Mar 2025 19:09:00 GMT"
"Stock Market News From March 28, 2025: Dow Falls After Auto Tariff Announcement - Barron's",https://news.google.com/rss/articles/CBMib0FVX3lxTE5TVkE5T1UwTElJV3RFcnRDYVg3RTlTdWlnRnR6RHZDb205UC04VmR6N3hwNUQteUtCdWpDSkxjOGVlMDdsSzRzdVNzamxsdlJEM0dBbFFjdFNlTTFrWkxLcW1OWHR5TGFheW56SXZRdw?oc=5,news.google.com,"Thu, 27 Mar 2025 21:15:00 GMT"
"Stock Market Today: Wall Street Dips, and Asia and Europe Recover a Bit - GV Wire",https://news.google.com/rss/articles/CBMiogFBVV95cUxOa1paRl81N3czSVlCbkdfd1Z4M0h4dEpPM05RMXNtdk9pWTNEM0pLZEFid192bjhlMi04T0ItUlluNEtBWHV5Ri1aWnpHWDBYMWNwZTZOd2dUMjlJSG1BcTRHR3V4dDRTUVBzZTcwbHhyVl9HNlBzdWdMbWxERFl5WlVOY3BSNXI1XzlkdjAwY3laS0szcTE1dnBmbkhPVzdCZEE?oc=5,news.google.com,"Tue, 01 Apr 2025 14:22:24 GMT"
Don’t Blame Trump for All of the Stock Market’s Problems - WSJ,https://news.google.com/rss/articles/CBMinwFBVV95cUxNa1BSWWZaTDljZy1HZzJ0cEdDWHlCM005UkhvakhJeVdHVGdMZE1tMzVYbDRZbG51RzBJQ0o2LUROQlRoXzVCVDJ0VVJnZi1LWjRiVWZETEN2VjhEUlp0TDdxRFljOWtQUVZXSy1jYVhacWZFc0swMjE4RFZyVHUyMWdCYkpiWk04SThDelczMTVBd2w5bEFfdE1XRy1RaDQ?oc=5,news.google.com,"Thu, 27 Mar 2025 09:30:00 GMT"
CNBC’s Jim Cramer Goes Nuclear on Trump Over Stock Market — Hits Him With Worst Trump Insult Possible - Mediaite,https://news.google.com/rss/articles/CBMiyAFBVV95cUxNTnVXZkxmU0FGV0hORzJmd2J6V3pKc2w5ZnBXekFxeWFKcjhPa09PblVnMjRCNWhKOGh0dXVqeS1iV3VDSjRlYmYzWmtvX2JidllqTno1VDlYTk9pRlQyNXluMDF3cnJZRUQ2SnBGaGdHMlZTcnA5dG95VENMemtDYmwzOEpPLXVGUk1yaVJ1bzBGR3BtbzFpSzRoNUN6aElhdV9tcjVOakk5MTM1cE51YjNKY0ZDaTl3cWN0a1VxSXlXNkFtTEZZY9IBzgFBVV95cUxQMmQ5STdOUHRHTEJ5TlVoa3FjWGNxX1phZ25wNm1iX3dya2w3MGlhaExNdFYyVjZuSDF5NUd4bFNnODEzMmZfeGhuTzRVTFlaSzFRcnVKMTB0U2tCWW04U001TlBGdkNvdU5DOUJFaGdZdzBkdXlBUEtXcllfQ1VHeEhjQ1J3X0JzekhTa2J3TWt3eUhKR0pmWmRGaVM2SFdIVHdsTThjYVcwNVlxQlpaLWdXdmZtYVZGTW13U2VDTmFXNWJUQ25sNDhqemVFUQ?oc=5,news.google.com,"Tue, 01 Apr 2025 13:24:00 GMT"
Wall Street falls as tariff fears mount - Reuters,https://news.google.com/rss/articles/CBMikgFBVV95cUxPNXBDS0lZT3lMWWFPZWZybXJndmhiYkFJNWQ0aGpoNEVkVURsTEIyTWlMMDJta3VqV0RwOEtuTzVmV1pvOHFyeFR0Y2lrZUtqOV9QRy1GQ1FJWWtrWWdjZmRMWWN5dkJ3X0QwMHR0Z0pQN3JNczkyai1LZzJwM3lkMWR5MXd0V184MGdGTVlxSTRlZw?oc=5,news.google.com,"Tue, 01 Apr 2025 14:36:06 GMT"
Dow closes 700 points lower as inflation and tariff fears worsen - CNBC,https://news.google.com/rss/articles/CBMid0FVX3lxTE1Jc2NLdGJ0RDd6QklSdm9JNjE2NVhhQ2prVUxyUlVFeU52MUY5VzU1WWh3MWUtZ05uLXNhdHhzWGE4cWlPZkZUajVETG1vNXptbmlaLWZobm1zb3ZCdUxzQ05MUk04UlFRRGpCUE05X2dQb2hJVlQw0gF8QVVfeXFMUGNjUkJrRGZJYmFSMHZHMzBJZ01hM1h0eGtUTmdCNHBUbG5DU20tNFgtYk1SMUFQamRpbFAzLUZpTUZka2xzeXNocTNlc242dlE3dDJESHJEQ2daOW10UXFfSEg3LURoX180U0t1cjZOMjZ4cTZoaEVmOXAyWg?oc=5,news.google.com,"Fri, 28 Mar 2025 23:13:00 GMT"
"Wall Street Wants to Buy Stock Market’s Dips, Question Is When - Bloomberg.com",https://news.google.com/rss/articles/CBMisgFBVV95cUxPRHRxTmRzUFRJbDZiMWZrTjIzcFB1eS1GQVBERVVIOUZqQzV0VmZaQjBmMExVY2M1T0RIQmRYRExqSTFsTmRIUm04LTNfYVc5QkhENlhUdDZpU3NKQmk3Tkhtb0VOck15bXNGNlB0WmhIZ0ZkVXBDdUpNWXVlTTdzbGV6THhTYThLcGk1UG44ajcwX3ZHWUhOUUVLeGFndGRFWjNadFhuU0ZjYU9jMUZiSld3?oc=5,news.google.com,"Mon, 31 Mar 2025 10:30:07 GMT"
US stocks post worst quarter since 2022 as Trump tariff worries swirl - Financial Times,https://news.google.com/rss/articles/CBMicEFVX3lxTE14WEpOSGZFNjhKa1lmTFlrb1o2a2dJeDJmcUF1eTl1UGlKMl93bEFNSkNpX0dQWl9xbnp2MWFkcHFPeGJPX3Q5R1dMMTFpeTNxM0s0Mjk0bGJDaEZlbzJ1WGtXQm5uR1JWZzAyRW1qdGQ?oc=5,news.google.com,"Mon, 31 Mar 2025 02:09:05 GMT"
Stock market today: Wall Street falls as data suggests the trade war is hurting manufacturers - Dayton Daily News,https://news.google.com/rss/articles/CBMi-AFBVV95cUxOMTFUZFFzcTE2QndEZXNzZTV2amd2Zk8tb3UtQnQzVXFiaUIwNVctTXZHV1FkMjdVS2tYS3NYRmVUQWZybGpXYWdOTWtLWEcyU1FGeGtRUWdiQVI1YVJXYUg3YnF5dE1TbGhGYXlZY3Jxa2pHUDJDMmxBSDRYYzMxSGpkTTBWSzlaaGE2UWNqSGVUMndBQjhRTHEzc3lPOTBDUzgzZ3lSWmJuNnJ0VXhrT2pqS0RUMzdncVRJQXR5dWR0bE1EWnhkTzl5T21CbzZjVEZMM1BnSXJOQVB2bXg3b1hrS1FRcjlZckJXLXg1MTRndW5PUk9aQw?oc=5,news.google.com,"Tue, 01 Apr 2025 14:58:49 GMT"
Investors looking for Trump tariff clarity on April 2 will likely be disappointed - MarketWatch,https://news.google.com/rss/articles/CBMizwFBVV95cUxNZzd1SlJrWmdLQTNkUUd5dEJOWXlBTHc2M0c2Ym44VUcwQ2pRMDFkUDF3M2NWUkoxWEw2NFRuYjlYTWtObGNXdzh0aFd3ZlJTS0liNEkwTkoxd3FPQlQxSWNVbUphd1JoZVZyUGs2S1hhMEg3aEcxdmpvdEI4WkVuaWQ4cmVCZnNyWWJOR213bFpDY2ptU09EdHdLNjRIajZiOTJoVHRnWTdtNTdlNTVfME0yR1pFa2hGajhBdnlZa3FGNEk4QXhaTnhvckJPZWs?oc=5,news.google.com,"Sun, 30 Mar 2025 15:59:00 GMT"
Trump tariffs: Global shares slide as new US import taxes loom - BBC,https://news.google.com/rss/articles/CBMiWkFVX3lxTFAxZDFPZUpuQ0xmY0xGMHlhQl9GRlJ3NHk3SmtKUW1uWDBCcVVlQzFxdkF2TDJiM0s4TjFLSlcyV2oxNE9RVjJWY29xTWhvRk8ya25mLXRrX0cyd9IBX0FVX3lxTE0wc0NhdnZSVjNsTWJJMDdGVl80ZzJELVVTVVJnQnNOMXRSZXBzb1dOQmU4WlcwdGdOT1l3UHAtMzBSbnN0bUdOOGNXeGF0bG0wellvamhRdXJ0RDFVd1RV?oc=5,news.google.com,"Mon, 31 Mar 2025 20:55:47 GMT"
Trump Tariffs Are a Nightmare for Stock Markets. Next Quarter Could Be More Terrifying and 5 Other Things to Know Today. - Barron's,https://news.google.com/rss/articles/CBMikwFBVV95cUxNYXE4S1hiekF4ZFU3RUx6UDdJSFNyeVRXczE1aHpNNFlnQTl5TXY5OFVHTjUwcDZwX0w2UFBOdUpjdjBDS0tkUnlCeGE3UC16MV9XWWlMTVZ3bFI5eHNrLWlUU1NrTnhIUVNDRGNVeDBOdk9xS1hZYXRpbDAyTlYzX196ZnJGRmxEaWpKbXY5R3hFZUk?oc=5,news.google.com,"Mon, 31 Mar 2025 10:47:00 GMT"
5 Things to Know Before the Stock Market Opens - Investopedia,https://news.google.com/rss/articles/CBMinwFBVV95cUxPSGlUcG13cUVuVndxNVJFXzEtX2lRcmt5U0t4WmxuREZkOWNycFBBSG94Q1lvalFuUjNGMHNRX09lb1RRT0hZbzRfVS1jRjRycVBCcGtrbU5CZlFWZHg5ejgwNno0MDFOd2tLekpuU2thT3FPdXRGX3h4MTFscDZwVGowcEhna3pVckNiSzZXVzFGd0p6UzNMNDRXZVBQZjA?oc=5,news.google.com,"Thu, 27 Mar 2025 11:55:57 GMT"
5 Things to Know Before the Stock Market Opens - Investopedia,https://news.google.com/rss/articles/CBMinwFBVV95cUxOSVVkcFBRdm5qM1RNNWNiVDBaQVJTaF9LakZXUHgzYmV6RmtfWEtLc1JicDUxS0tWcWl6aHZrcm5BcmhSdWtLXzBOT0h0NzRRLUNRZ3lGMlIwMC1JOXFRc1duOThOeWc0ckl1NkxQMFhyQW5UZG91X0toOWRTbm1OQnJrbjNDNnhkeDg4eWl4elpPcnBuWmNmRlVVMm5iWTQ?oc=5,news.google.com,"Fri, 28 Mar 2025 11:41:09 GMT"
"Stock market today: Wall Street slumps as Nvidia, Tesla and other Big Tech stocks drop - AP News",https://news.google.com/rss/articles/CBMinAFBVV95cUxPNUlScEhqRmQxQmUxdHdEc2xOUUd3MGJ2bGtlcVZnbmMxUFBPVDRaWWFkYWNhZHl1Mng1b0g1ZXhteEpNeHpMZFlFeUdQN21ob0tqOTE2QURLVGNHbmhPTnNmOVRkTldFR01Vb29pNnlXMy1KMllDMEFnRkE2YmxLWjQzU0lDc3VoTHNzSGY0Z2pCemZ6UFlNZFAwOHg?oc=5,news.google.com,"Wed, 26 Mar 2025 21:05:00 GMT"
"META, PINS, or SNAP: Which Social Media Stock Can Withstand a Market Correction? - Yahoo Finance",https://news.google.com/rss/articles/CBMifkFVX3lxTE9yamtVTU03OVI3VkRqaFdXZFNvX2tFbGYzZTdlSDl4S0k2aGgtMm1TS0l4WGxvWjlTZHVYM2ItZlY3bVljRVNSYzdfYWFUcWcybkF3VlBaQ0g3U2JUbTdPSkh6elVYbVFOQWZ6WXl5YnNJVWk2MGhTd3k5V1dKdw?oc=5,news.google.com,"Tue, 01 Apr 2025 11:59:03 GMT"
5 things to know before the stock market opens Thursday - CNBC,https://news.google.com/rss/articles/CBMiowFBVV95cUxOZzF3eWNybmFtbWRMTGpLSk4zeGJvOFFGVzl4bkhCQ0paOExKR3l3S3loRnE5cExNZHdVZW55RFJkRnhxc3g1VThBMVUweG4xU2tVNm1wc1FXaEpsS3ByU05qUVEtbFRlX1JfZjBoSFdfelhDekFaQ1Z3ZlNyeFNxMXR2MXNHbmRYTzRNU2tnZE8xd0xEazRySTdRODRnSVFkdF9j0gGoAUFVX3lxTE9qN0dzeDk1a2FOb1BCZlZlV091Q24wSy1tSW1ZbDNRN3NfQjF6dmt3TlZaZDcwaWF5VU1tanRycEcwZ1QtY3c0dkxPZlBaZ3NfX24xNzItNVlPcWR0MkUta21RdVRNMy0zTVYzNE9zQkNzaFlWX0R2WFZ2VDNOQTRlVlk0NV9nWE5PR3FxSXRKVTRoUUhjWHgteGhLeTVNSWtpX0VGbU5uZw?oc=5,news.google.com,"Thu, 27 Mar 2025 12:00:01 GMT"
Opinion: The stock market’s oversold rally is peaking — and so is the 10-year U.S. Treasury - MarketWatch,https://news.google.com/rss/articles/CBMivgFBVV95cUxONlNsU3NCTUJsTmdRVWhHQ3h4MkpiZnl2QjZsd21YemhYNlJPY25QbzlfVHIxNnRFRmdmVHVaRWNNeXdnSUNTNTgtVDdjN3pTSFlLZGFhT3FzRzRxRTZNN0ZpR2hOelpudjVMck94eXYwVUUzd1l3cXVXN3JXZzh3QzdNdDRYYnRRcHFkbDdYUFhZa0xHYkZFZENsUjV3enBUVDByYTNNdWVPeDJKWmI0ZGV1VjJOOUdSaFZHa0tn?oc=5,news.google.com,"Thu, 27 Mar 2025 21:09:00 GMT"
Stocks See Wild Swings in Run-Up to Tariff Rollout: Markets Wrap - Bloomberg.com,https://news.google.com/rss/articles/CBMitAFBVV95cUxNQUlFN3I4ODZ0Q1pBQlNZdkFtenh3c2cwS0hLUnUyM0NuVVQ3VFlXMU12Ul85bGphQk9acFJlalFHRWZQRXgxSlNPbHVucW1fOXpfZWJURTVkMGZ3N1p5VUY0anF3M2pYemdYM1RoT1dRcXhQcllPOFBjRHJ5aWNRaXNSXzBsYllmaDJaTF9CVEk3aFI3TzZPdWZ1N2NESkE3Wnd1MnZDRFBWWlJoQmFyd3pmNzE?oc=5,news.google.com,"Sun, 30 Mar 2025 22:31:48 GMT"
Stock market today: Back down goes Wall Street as Big Tech resumes its slide - AP News,https://news.google.com/rss/articles/CBMikwFBVV95cUxORmZaMnNJQVF4UEFYek1NaVRxcC1KdmxLLXY1OENBMkdSMVJNeXpvTVlOTGRCN2czWThPTUZsUnhtakZxYWdWamVJT1dja1RqTEdIWWFNdDZNd2psS2pDMFVnR1JHT1ZTMjAtQUVIaGYyRGMtQ1Z5VjBTX2FGTWZBcldDQy1KczlLckxMM3FhZGtTajA?oc=5,news.google.com,"Tue, 18 Mar 2025 07:00:00 GMT"
"Goldman Sachs slashed its S&P 500 target again, with tariffs set to hit stock returns and economic growth - Business Insider",https://news.google.com/rss/articles/CBMitAFBVV95cUxObDVHelNoWGtLRE5velJIMngxR1kxTGhTamVsN24zYmxkdnVYbDJvOThYT2M5dDRlS0ZjMlA5eDgtQUdrLVpGNlU2RTNvTzkzOGJlcGl5ckFaRldfVU5Ib0QwakJCOFhIVFBfSEpvUlRzNFp6MGpsM0M4Nzhidjc1NldTMU5nM2hFQjVnUlhRVHpvZ09YWFNIdFJELTJ2NjhBdTZ6M1VDbU5tek5qcUJDRjh6UE4?oc=5,news.google.com,"Mon, 31 Mar 2025 13:58:00 GMT"
‘They’re Laying the Groundwork for Things to Get Worse’: Why Trump’s Economic Messaging Isn’t Calming Wall Street - Politico,https://news.google.com/rss/articles/CBMipAFBVV95cUxOb0RFRk1rT2JBbmwxSklHakVHdl94X3luSGVlWDJrR3BCVUlfb2NPR1BqWjdZY05aSTdfaHludWRCd2ptNkotMmY2djhOdFpuNXItSXYwVmdrZ2JudWxial9pQmo4SVBzNjZhVktBSGFmcEJHd0JIdXJESjdoVWxwd2Vrd25pWXd5VzdEUzFQTUNqc3ozLUw3U2NRNjFpR3RPcGVDUg?oc=5,news.google.com,"Mon, 31 Mar 2025 08:50:00 GMT"
Investors pour record $11 billion into Europe ETFs to 'Make Europe Great Again' - Reuters,https://news.google.com/rss/articles/CBMiuAFBVV95cUxQRGd1THJwSG5sdVkycEp1TXpaMUJfSHRRSlplaG4zd0psam9jN1NUUk5FdGxxdV9ua09CVzF2SklocTROclI3SmtwT3pKa2lfTWY3dW9OS2xkT2NweW82cl9IVUpYSmNSbzZLWlNTRElfRmw1OXR0dkZVbDk1YlVUTXctSktTWERVZ2NHUEtDWTl4RkI0d3FiMnBEbE5ldjlhM1c3UXpUQ0VCQjA3dmE1T1oyOFhLSDBz?oc=5,news.google.com,"Tue, 01 Apr 2025 14:39:21 GMT"
"Stock market plunges on inflation, tariff uncertainty. Dow sheds 700 pts, Nasdaq 480 pts - USA Today",https://news.google.com/rss/articles/CBMipAFBVV95cUxPVENzUnJtNXN4QVFtTXIxQXRZM1ZqQWFhWHBYdllTOFVMY3o4YzRyM2dzUTFVRUxZclFBZ3JsUEVuUVY4NWVieXBjLXEzZVItenMtLTJDTURNWk15ZWNBcXpXNEF5b29fZ1ZjenFlZERPbFhFV0J3VXNVV2I4RTVtbjlxT2R5QU10el8tUkR1N0lYdEFYV2lQYzhqT1NfSkpadE1oaw?oc=5,news.google.com,"Fri, 28 Mar 2025 20:17:05 GMT"
"US stock market crash: Recession fears grow, global markets fall as Trump’s 'Liberation Day' tariffs loom - Times of India",https://news.google.com/rss/articles/CBMinwJBVV95cUxQbm5PTVJaQjNuSjM5MDZvM0I5VDA0T0VYVGtzdXRvekFqSjRfcUxjWXJpcW81dVBsTUJSWlpJcWJxNmx4cWo5SXlHdndmNDVXNVNrRjlXTUhyY2FRU2x4NTAzQmFISng1SzcwUldfd28zbWpTNjJWdkJQdXpjYkVvWWJuQjUxMGt6WnE4aUJObFNPSFU3V0haa1JvY1FtZnVQZHRocGJiVmVta2tfTGU4eXhpWE4tY002R1NHNVRWU0pTZWZlT3ZYQWNJTEs0Sklxelg0bFRIYzhCNFdfTEZaY0x4VEtjc05CLWVRSGQ1c1RjVnpoeGQ2b0RzY0x1bFAwdWJldXZCdDhGaWdGNm9JMDhiZTVIQ0t6Nk9zckdlTdIBpAJBVV95cUxPWnQ2d2dUc08zbnE1LTl2M1YzWDBTaVZrbHoweFEtSUlrZjFDOVFBLThua1c0NkJPcW0wLW44UXFVX0tlVk5kYXAyWHFUc056VmU5T2NJOUhSeWZENktxTWU1aE9KZjc0MVM2X3pkYkVMNjhnMHB5bkpOcXRNc2tYUnUyc1FscXdDOWVjVFdnVkI5M3lDMmpvX2FGR25veW9iV2sxV2liLTZWbU5YTUFOVjY3SGZCZEtiTmFvODlLTmVZZEFHRkdnQy1NdThSR0lQeGtGTVpaalUzUEFPZTlqYVcyb0ZqSGh6TGhVeS1rSlU3bnhTTlBkcThrTnJiVnFXbWlaMWFWb3VWNHpCZUN4ODg0OEVsa2ZqQU5oenhIRjd5eklp?oc=5,news.google.com,"Mon, 31 Mar 2025 16:41:00 GMT"
"Stock market today: Wall Street drifts, and Asia and Europe recover a bit ahead of ""Liberation Day' - Star Beacon",https://news.google.com/rss/articles/CBMi9wFBVV95cUxNcjgzaDlyb1hET0E1Z2drVkU5dWFtelNoOGV1TXlHbWlZQVFQOE96THlLOF81N2hMSUJrcWphd1kwTE55cjU3ZlptaGFMZ3otMUxyNzlmV1NlTXZLbW8tekd3Q3lwRnFxVWZXbzZCSFJaV25YdkdYZllzTjVIMjlyeVpsbmZ3a2ZzNEE3TGlUMUpwVTdyaE5yekxFTXJJdmpENVJ4SHByX2lQUm5lanVEeUVCREFyZDVSZVBObGxHSTJ2TlRXeG4teFhfc29lNGQxb2puSUxlX1BaeDJBSm13Sm9BOVJaVm81TENIUVNQb2l2Y3FvcWY4?oc=5,news.google.com,"Tue, 01 Apr 2025 14:53:48 GMT"
